,Site_Code,Site_Name,Latitude,Longitude,Method,URL,1990,1991,1992,1993,1994,1995,1996,1997,1998,1999,2000,2001,2002,2003,2004,2005,2006,2007,2008,2009,2010,2011,2012,2013,2014,2015,average,slope,intercept,rvalue,pvalue,stderr,geometry
0,U1,Barrow,71.316667,-156.6,1000/T,www.gwu.edu/~calm/data\webforms\u1_f.htm,,,,30,35,35,36,37,41,37,34,31,31,29,42,33,32,32,34,34,41,41,38,41,34,40,35.56521739,0.18972332,-344.6403162,0.323696868,0.131879944,0.121014536,POINT (821420.4970633475 -1898190.771217716)
1,U2,"Barrow, CRREL Plots",71.316667,-156.583333,10/T,www.gwu.edu/~calm/data\webforms\u2_f.htm,,23,23,29,34,34,35,37,40,37,36,29,,28,41,35,34,35,35,36,41,39,38,40,34,39,34.66666667,0.3959583,-758.4543063,0.590865543,0.002364021,0.115265467,POINT (821972.6346579046 -1897951.7445934832)
2,U3,Atkasuk,70.45,-157.4,1000/T,www.gwu.edu/~calm/data\webforms\u3_f.htm,,,,,,44,47,45,51,49,43,40,42,37,59,47,47,46,,54,49,50,50,58,52,54,48.2,0.471500888,-897.0885543,0.528563221,0.016577793,0.178485424,POINT (831357.444908967 -1997207.9855167598)
3,U4,West Dock 1 ha grid,70.366667,-148.55,100/T/B56,www.gwu.edu/~calm/data/webforms/u4_f.htm,,,,,,,30,31,34,33,28,29,29,29,35,27,34,27,30,25,29,29,34,35,31,37,30.8,0.09924812,-168.2421053,0.182255086,0.441855847,0.126203355,POINT (1133490.7046692744 -1853317.1102819608)
4,U5,West Dock 1 km grid,70.366667,-148.566667,1000,www.gwu.edu/~calm/data/webforms/u5_f.htm,,,,48,55,51,55,52,58,51,46,46,48,48,54,45,53,44,47,44,46,51,52,54,48,54,50,-0.108695652,267.826087,-0.184302445,0.399878125,0.126493241,POINT (1132951.537842803 -1853646.7575390823)
6,U7 A,Betty Pingo 1 km grid,70.283333,-148.866667,1000/T,www.gwu.edu/~calm/data/webforms/u7a_f.htm,,,,52,54,55,55,55,60,54,47,48,50,50,58,49,56,46,51,48,49,54,56,58,49,54,52.52173913,-0.074110672,201.0395257,-0.129052803,0.557295298,0.124267254,POINT (1127950.9100628982 -1867368.4700142944)
7,U7 B,Betty Pingo MNT,70.2835,-148.8928,100,www.gwu.edu/~calm/data/webforms/u7b_f.htm,,,,,,41,44,42,44,39,37,34,37,37,42,35,40,32,,32,34,36,40,43,35,39,38.15,-0.224245612,487.7288147,-0.371878446,0.106413421,0.131936925,POINT (1127089.6210082264 -1867867.077425866)
8,U7 C,Betty Pingo WET,70.275,-148.919,100,www.gwu.edu/~calm/data/webforms/u7c_f.htm,,,,,,43,48,41,46,42,41,36,41,38,45,36,43,34,,37,40,43,45,44,41,43,41.35,-0.065676155,173.0208402,-0.113523313,0.633684492,0.135478297,POINT (1126716.1005166185 -1869179.7841755843)
9,U8,Franklin Bluff,69.683333,-148.716667,100/T/B60,www.gwu.edu/~calm/data/webforms/u8_f.htm,,,,,,,63,66,72,66,55,58,55,55,64,53,65,57,57,60,66,65,69,70,68,68,62.6,0.267669173,-474.2105263,0.271408956,0.24706283,0.223729101,POINT (1166952.6947024046 -1920558.3306381386)
22,U31,56 Mile,69.6969,-148.6821,100,www.gwu.edu/~calm/data/webforms/u31_f.htm,,,,,,,61,68,71,62,63,61,63,64,66,56,65,54,65,64,67,75,69,70,64,65,64.65,0.191729323,-319.8631579,0.235027234,0.318541666,0.186893997,POINT (1167339.3150160767 -1918585.363208102)
25,U20,Drew Point,70.866667,-153.916667,T/B640,www.gwu.edu/~calm/data/webforms/u20_f.html,,,,,,,,,38,38,36,29,34,30,39,38,39,39,38,38,,,,,,,36.33333333,0.321678322,-608.1491841,0.331481853,0.292544032,0.289525128,POINT (931086.93525435 -1901985.1250471475)
26,U21,Inigok,70,-153.1,T/B625,www.gwu.edu/~calm/data/webforms/u21_f.html,,,,,,,,,68,61,43,41,,,,,,,,,,,,,,,,,,,,,POINT (1001067.9134229865 -1973212.6509826458)
27,U22,Fish Creek,70.333333,-152.05,T/B735,www.gwu.edu/~calm/data/webforms/u22_f.html,,,,,,,,,32,31,29,28,31,30,37,30,30,27,28,30,,,,,,,30.25,-0.171328671,373.506993,-0.241034462,0.450441465,0.218149316,POINT (1019946.0060347037 -1922284.4553862948)
30,U25,Tunalik,70.2,-160.066667,T/B393,www.gwu.edu/~calm/data/webforms/u25_f.html,,,,,,,,,47,48,42,41,,,,,,,,,,,,,,,,,,,,,POINT (746874.4073202414 -2059473.4347875745)
34,U33,South Meade,70.633333,-156.833333,T/B/,www.gwu.edu/~calm/data/webforms/u29_f.html,,,,,,,,,,,,,,,43,39,41,41,39,,,,,,,,,,,,,,POINT (843164.7300004992 -1970415.8240675966)
39,U38,East Teshekpuk,70.566667,-152.966667,T/B/,www.gwu.edu/~calm/data/webforms/u29_f.html,,,,,,,,,,,,,,,24,28,34,32,34,34,,,,,,,,,,,,,POINT (977441.1580029795 -1915580.4495110859)
40,U39,Ikpikpuk,70.433333,-154.366667,T/B/,www.gwu.edu/~calm/data/webforms/u29_f.html,,,,,,,,,,,,,,,,,,,,,,,,,,,,,,,,,POINT (936668.8422389396 -1952063.465955047)
5,U6,Deadhorse,70.166667,-148.466667,100/T/B60,www.gwu.edu/~calm/data/webforms/u6_f.htm,,,,,,,64,65,70,71,61,62,61,61,67,56,67,58,63,58,65,63,69,72,70,73,64.8,0.212030075,-360.4263158,0.252962924,0.281897855,0.191136897,POINT (1147643.865054731 -1870341.278245026)
10,U9 A,Happy Valley,69.166667,-148.833333,100/T/B40,www.gwu.edu/~calm/data/webforms/u9a_f.htm,,,,,,,36,40,47,44,,,,35,,32,39,33,43,38,43,40,42,44,42,42,40,0.098986667,-158.61056,0.145821132,0.589980378,0.179483712,POINT (1192293.9986538927 -1971298.6965073112)
11,U9 B,Happy Valley 1 km grid,69.1,-148.5,1000/T,www.gwu.edu/~calm/data/webforms/u9b_f.htm,,,,44,45,43,43,48,48,44,40,42,40,40,45,41,47,40,44,49,44,47,43,47,47,46,44.2173913,0.095849802,-147.8656126,0.228600715,0.294101849,0.089073597,POINT (1207551.5529009849 -1970545.0388964638)
12,U10,Lupine Hill,69.12883,-148.5928,100,www.gwu.edu/~calm/data/webforms/u10_f.htm,,,,,,48,46,40,,48,41,41,41,46,42,41,46,36,48,51,54,57,49,54,51,50,46.5,0.498921439,-954.0121077,0.553893649,0.011279242,0.176766261,POINT (1202715.4476529185 -1969807.5430307114)
16,U12 A,Toolik 1 km grid,68.616667,-149.6,1000/T,www.gwu.edu/~calm/data/webforms/u12a_f.htm,,,,,,45,47,49,54,48,44,46,37,41,40,51,48,51,,55,61,55,50,51,50,51,48.7,0.395897706,-745.0155151,0.444914433,0.049338592,0.18783273,POINT (1196234.3736435932 -2038932.12666366)
17,U12 B,Toolik MAT,68.624,-149.61817,100,www.gwu.edu/~calm/data/webforms/u12b_f.htm,,,,,,43,47,45,51,52,41,45,33,37,45,44,41,38,44,47,53,47,48,51,45,50,45.0952381,0.192207792,-340.2813853,0.232595939,0.310285115,0.184380282,POINT (1195182.4783899693 -2038620.1712694499)
18,U13,Toolik LTER,68.616667,-149.6,P/T,www.gwu.edu/~calm/data/webforms/u13_f.htm,36,28,40,46,36,43,33,46,44,45,38,32,33,40,40,37,39,41,35,51,45,43,38,,,,39.52173913,0.20256917,-365.81917,0.252035295,0.245983201,0.169727094,POINT (1196234.3736435932 -2038932.12666366)
23,U32 A,Sagwon Hills MNT,69.441,-148.67033,100,www.gwu.edu/~calm/data/webforms/u32a_f.htm,,,,,,60,61,58,67,59,55,52,55,52,56,47,60,52,,61,62,65,61,60,55,57,57.75,0.012162251,33.36651108,0.015886644,0.946998584,0.180422512,POINT (1182294.255153413 -1942265.981409456)
24,U32 B,Sagwon Hills MAT,69.401,-148.8056,100,www.gwu.edu/~calm/data/webforms/u32b_f.htm,,,,,,40,40,40,43,41,37,38,33,36,42,28,40,25,41,42,43,47,38,41,42,41,38.95238095,0.107792208,-177.1709957,0.132325187,0.567468935,0.185238873,POINT (1179972.1126866092 -1948795.3743429885)
28,U23,Awuna,69.166667,-158.016667,T/B884,www.gwu.edu/~calm/data/webforms/u23_f.html,,,,,,,,,36,35,32,34,,,,,,,,,,,,,,,,,,,,,POINT (862404.508283067 -2136315.0503075514)
29,U24,Uniat,69.4,-152.15,T/B640,www.gwu.edu/~calm/data/webforms/u24_f.html,,,,,,,,,39,39,32,31,33,32,40,27,39,31,35,34,,,,,,,34.33333333,-0.237762238,510.6899767,-0.208102603,0.516314892,0.353387949,POINT (1064325.4772863463 -2014409.9308434653)
31,U29,Niguanak,69.883333,-142.983333,T/B/30?,www.gwu.edu/~calm/data/webforms/u29_f.html,,,,,,,,,,,,26,29,30,46,39.4,55,56,54,48,,,,,,,,,,,,,POINT (1339795.2395715849 -1776892.6634139726)
32,U30,Koluktak,69.75,-154.616667,T/B/,www.gwu.edu/~calm/data/webforms/u29_f.html,,,,,,,,,,,,,,,,,,,,,,,,,,,,,,,,,POINT (960223.9609663924 -2023746.078583741)
33,U31,Marsh Creek,69.783333,-144.8,T/B/,www.gwu.edu/~calm/data/webforms/u29_f.html,,,,,,,,,,,,,,,,,,,,,,,,,,,,,,,,,POINT (1289102.28494187 -1827418.9805523064)
35,U34,Camden Bay,69.966667,-144.766667,T/B/,www.gwu.edu/~calm/data/webforms/u29_f.html,,,,,,,,,,,,,,,,,,,,,,,,,,,,,,,,,POINT (1278585.389266656 -1810273.5318923523)
36,U35,Awuna2,69.15,-158.033333,T/B/,www.gwu.edu/~calm/data/webforms/u29_f.html,,,,,,,,,,,,,,,,,,,,,,,,,,,,,,,,,POINT (862464.8861051948 -2138256.2034123437)
38,U37,Piksiksak,70.033333,-157.083333,T/B/,www.gwu.edu/~calm/data/webforms/u29_f.html,,,,,,,,,,,,,,,,,,,,,,,,,,,,,,,,,POINT (860156.5053339495 -2034624.2930005102)
13,U11 A,Imnavait Creek  1 km grid,68.5,-149.5,1000/T,www.gwu.edu/~calm/data/webforms/u11a_f.htm,,,56,60,60,48,45,50,56,50,44,46,39,47,48,55,48,47,52,58,63,59,55,55,50,59,52.08333333,0.166086957,-280.6718841,0.190970561,0.371384049,0.182007984,POINT (1206260.4117411482 -2047823.8133160514)
14,U11 B,Imnavait Creek WET,68.611,-149.3145,100,www.gwu.edu/~calm/data/webforms/u11b_f.htm,,,,,,53,54,56,54,53,45,49,39,46,51,44,49,45,54,58,64,56,51,60,55,55,51.95238095,0.298701299,-546.9437229,0.314416226,0.165103058,0.206895994,POINT (1206695.2991738608 -2033478.604106423)
15,U11 C,Imnavait Creek MAT,68.611,-149.30933,100,www.gwu.edu/~calm/data/webforms/u11c_f.htm,,,,,,43,43,47,46,47,37,43,30,40,42,39,38,41,45,47,55,47,50,53,46,54,44.42857143,0.47012987,-898.1818182,0.487147378,0.025104601,0.19335436,POINT (1206878.7821981302 -2033369.7114609673)
19,U14,Galbraith Lake,68.483333,-149.5,100/T/B75,www.gwu.edu/~calm/data/webforms/u14_f.htm,,,,,,,51,59,60,56,,46,39,47,,44,48,54,53,59,59,50,56,57,55,57,52.77777778,0.210479887,-369.4214891,0.213670309,0.394579666,0.240579786,POINT (1207184.504810495 -2049392.6120387064)
20,U15,Chandalar Shelf,68.066667,-149.583333,30/T/B61,www.gwu.edu/~calm/data/webforms/u15_f.htm,,,,,,,35,,35,36,32,32,24,30,39,38,35,42,36,38,43,41,44,37,36,38,36.36842105,0.438695264,-843.6311886,0.526801652,0.020480981,0.171673902,POINT (1227238.9522583163 -2090384.7069831288)
21,U26,Ivotuk  1 km grid,68.483333,-155.733333,1000,www.gwu.edu/~calm/data/webforms/u26_f.htm,,,,,,,,,,,55,51,43,,53,51,54,56,,55,57,53,50,54,52,,52.61538462,0.198826979,-346.4762463,0.261988219,0.38721296,0.220829204,POINT (977529.2407631382 -2168349.854240877)
37,U36,Red Sheep Creek,68.683333,-144.833333,T/B/,www.gwu.edu/~calm/data/webforms/u29_f.html,,,,,,,,,,,,,,,,,,,,,,,,,,,,,,,,,POINT (1357332.7966297646 -1926520.3784449606)
42,U16,Old Man,66.45,-150.616667,100/T/B63,www.gwu.edu/~calm/data/webforms/u16_f.htm,,,,,,,33,37,44,39,35,,,39,43,41,42,43,38,38,46,43,42,36,50,39,40.44444444,0.294850278,-551.0088331,0.430929279,0.074202661,0.154357506,POINT (1275810.9776814412 -2265740.548246012)
52,U45,Marshall,61.87901,-162.05759,50/P/T,www.gwu.edu/~calm/data/webforms/u45_f.htm,,,,,,,,,,,,,,,,,,,,56,46,50,,,,,,,,,,,POINT (953639.3123355024 -2945069.087020437)
53,U46,St.Mary s,62.04755,-163.23412,50/P/T,www.gwu.edu/~calm/data/webforms/u46_f.htm,,,,,,,,,,,,,,,,,,,,83,66,72,,,,,,,,,,,POINT (887722.520031243 -2946619.433768169)
67,U27,Council Grid,64.833333,-163.7,1000,www.gwu.edu/~calm/data/webforms/u27_f.htm,,,,,,,,,,73,53,71,53,59,,76,,,75,63,65,71,57,55,60,68,64.21428571,-0.080273578,225.3462923,-0.054081072,0.854311987,0.427859001,POINT (779120.2758738265 -2664383.5556568187)
68,U28,Kougarok,65.45,-164.616667,1000,www.gwu.edu/~calm/data/webforms/u28_f.htm,,,,,,,,,,65,47,56,52,54,,75,,,62,61,64,68,56,58,58,57,59.5,0.224262059,-390.6580274,0.17530057,0.548883843,0.363583507,POINT (718631.6272313106 -2611943.145889045)
43,U17,Wickersham,65.266667,-148.05,TT/P,www.gwu.edu/~calm/data/webforms/u17_f.htm,43,41,42,45,44,47,36,40,43,39,49,46,46,52,38,41,52,53,54,53,48,48,49,52,54,56,46.57692308,0.50974359,-974.1846154,0.693411497,8.58E-05,0.108122057,POINT (1444084.8775691956 -2315512.8371723476)
45,U19,Pearl Creek,64.9,-147.8,TT/P,www.gwu.edu/~calm/data/webforms/u19_f.htm,70,63,71,66,66,72,53,61,65,55,58,59,61,61,61,70,67,80,79,77,78,77,76,77,90,101,69.76923077,0.951794872,-1836.2,0.663381964,0.000220719,0.219148633,POINT (1475388.998142945 -2342877.969374344)
46,U41,Farmers Loop,65.466667,-148.116667,100,www.gwu.edu/~calm/data/webforms/u41_f.htm,,,,,,,,,,,,,,,,58,54,57,57,53,57,57,57,55,59,56,56.36363636,0.072727273,-89.81818182,0.138013112,0.685715774,0.173972122,POINT (1429913.5939301392 -2298742.5062861852)
56,U49,Hess Creek,65.65724,-149.08443,100/P/T,www.gwu.edu/~calm/data/webforms/u49_f.htm,,,,,,,,,,,,,,,,,,,,38,46,48,,,,,,,,,,,POINT (1380243.5996133434 -2304797.4141883)
44,U18,Bonanza Creek LTER,64.75,-148,TT/P/T/B44,www.gwu.edu/~calm/data/webforms/u18_f.htm,47,49,50,,55,58,45,50,51,40,59,59,56,56,55,63,59,67,58,55,59,98,121,131,168,178,71.48,3.617781155,-7174.50152,0.727218549,3.82E-05,0.712023768,POINT (1475828.0417736955 -2361818.5741774826)
54,U47,Circle,65.82819,-144.07843,50/P/T,www.gwu.edu/~calm/data/webforms/u47_f.htm,,,,,,,,,,,,,,,,,,,,66,72,86,,,,,,,,,,,POINT (1565192.4428083026 -2160515.6931907176)
55,U48,Fort Yukon,66.62076,-145.1035,50/P/T,www.gwu.edu/~calm/data/webforms/u48_f.htm,,,,,,,,,,,,,,,,,,,,83,93,,,,,,,,,,,,POINT (1476953.3470854596 -2117438.609080402)
57,U50,Galena,64.7333,-156.78334,50/P/T,www.gwu.edu/~calm/data/webforms/u50_f.htm,,,,,,,,,,,,,,,,,,,,39,44,51,,,,,,,,,,,POINT (1098588.9552000966 -2561143.1010595923)
58,U51,Eagle,64.7777,-141.10954,50/P/T,www.gwu.edu/~calm/data/webforms/u51_f.htm,,,,,,,,,,,,,,,,,,,,32,56,54,,,,,,,,,,,POINT (1746632.549945565 -2165363.095249643)
60,U53,Ruby,64.73486,-155.48461,50/P/T,www.gwu.edu/~calm/data/webforms/u53_f.htm,,,,,,,,,,,,,,,,,,,,,52,63,,,,,,,,,,,POINT (1156285.2595415474 -2535431.459245749)
63,U56,Venetie,67.03829,-146.40263,50/P/T,www.gwu.edu/~calm/data/webforms/u56_f.htm,,,,,,,,,,,,,,,,,,,,,67,85,,,,,,,,,,,POINT (1403399.5752943642 -2112496.5367977796)
64,U57,Nenana,64.55446,-149.08339,50/P/T,www.gwu.edu/~calm/data/webforms/u57_f.htm,,,,,,,,,,,,,,,,,,,,,61,59,,,,,,,,,,,POINT (1441807.068632991 -2407499.9251642805)
65,U58,Dot Lake,63.67475,-144.14597,,www.gwu.edu/~calm/data/webforms/u58_f.htm,,,,,,,,,,,,,,,,,,,,,64,49,,,,,,,,,,,POINT (1699503.9082115942 -2351742.7350251703)
47,U40A,Mentasta Fen,62.55,-143.366667,100/T,www.gwu.edu/~calm/data/webforms/u40a_f_files,,,,,,,,,,,,,,,,,,,,51,58,,,,,,,,,,,,POINT (1803913.6751446484 -2426021.924003034)
48,U40B,Tanada Muskeg,62.516667,-143.366667,100/T,www.gwu.edu/~calm/data/webforms/u40b_f_files,,,,,,,,,,,,,,,,,,,,60,70,,,,,,,,,,,,POINT (1806062.0613381695 -2428911.2152582216)
49,U42,Kotlik,63.02131,-163.5607,50/P/T,www.gwu.edu/~calm/data/webforms/u42_f.htm,,,,,,,,,,,,,,,,,,,,51,46,49,,,,,,,,,,,POINT (841146.4546036826 -2850749.7446855633)
50,U43,Emmonak,62.78478,-164.52623,50/P/T,www.gwu.edu/~calm/data/webforms/u43_f.htm,,,,,,,,,,,,,,,,,,,,62,48,60,,,,,,,,,,,POINT (799811.1242157961 -2889161.246021949)
51,U44,Chevak,61.52786,-165.61778,50/P/T,www.gwu.edu/~calm/data/webforms/u44_f.htm,,,,,,,,,,,,,,,,,,,,59,47,53,,,,,,,,,,,POINT (778323.1974115539 -3035278.723801157)
59,U52,Allakaket,66.54491,-152.64539,50/P/T,www.gwu.edu/~calm/data/webforms/u52_f.htm,,,,,,,,,,,,,,,,,,,,,45,60,,,,,,,,,,,POINT (1190055.3035373206 -2300307.7881550277)
61,U54,Nome Creek,65.36988,-147.0609,50/P/T,www.gwu.edu/~calm/data/webforms/u54_f.htm,,,,,,,,,,,,,,,,,,,,,46,50,,,,,,,,,,,POINT (1477744.2777671653 -2280830.4491645475)
62,U55,Arctic Village,68.13013,-145.540066,50/P/T,www.gwu.edu/~calm/data/webforms/u55_f.htm,,,,,,,,,,,,,,,,,,,,,69,70,,,,,,,,,,,POINT (1367656.7834423156 -1992937.0902035353)
70,C1,Alexandria Fiord,78.883333,-75.916667,100,www.gwu.edu/~calm/data\webforms\c1_f.html,,,,,,43,49,,,57,62,58,,,,,,,,,,,,,,,,,,,,,POINT (1197082.5190378525 300316.1780833895)
109,R3,"Marre Sale, Yamal Peninsula",69.716667,66.75,1000/T/B10,www.gwu.edu/~calm/data/webforms/r3_f.html,,,,,,131,110,92,93,92,106,111,115,109,114,116,116,114,114,85,98,102,127,115,102,122,108.7619048,0.24025974,-372.9588745,0.124581714,0.590542137,0.438988575,POINT (-2061440.1890874808 885664.6003546673)
122,R29 A,Bykovsky (Lena delta) (edoma),71.7855,129.419167,100,www.gwu.edu/~calm/data/webforms/r29_f.html,,,,,,,,,,,,27,,35,25,33,35,44,,28,38,39,33,26,35,,33.16666667,0.252244549,-473.3193673,0.183661932,0.567740279,0.42692492,POINT (-1558052.5446599443 -1280671.9075492758)
123,R29 B,Bykovsky (Lena delta) (alas),72.7855,130.419167,100,www.gwu.edu/~calm/data/webforms/r29_f.html,,,,,,,,,,,,,,,26,33,32,44,,25,28,35,30,24,33,30,30.90909091,-0.237386805,507.9702458,-0.158588751,0.641403573,0.492642361,POINT (-1451819.1707414738 -1236432.6551885386)
134,R13 B,"Cape Chukochi, alas, Kolyma",70.083333,159.916667,100,www.gwu.edu/~calm/data/webforms/r13_f.html,,,,,,,,,,,31,39,38,48,,46,32,56,37,25,46,46,41,47,,27,39.92857143,-0.016549649,73.14844534,-0.008699375,0.97645349,0.549153396,POINT (-756651.4817087398 -2069512.5233497894)
157,R9,Cape Rogozhny; Chukotka,64.783333,176.966667,100/T,www.gwu.edu/~calm/data\webforms\r9_f.html,,,,,43,42,49,50,38,39,42,44,46,50,57,57,53,59,,52,52,51,53,52,59,55,49.66666667,0.679908327,-1313.096257,0.706300938,0.000345596,0.156337395,POINT (-147182.514330258 -2777491.54278363)
160,R27,Lavrentia,65.6,-171.05,100,www.gwu.edu/~calm/data/webforms/r27_f.html,,,,,,,,,,,59,60,62,64,65,67,59,74,,64,74,65,67,69,70,72,66.06666667,0.693288854,-1325.687598,0.682136027,0.005086942,0.206121248,POINT (418909.9194182747 -2659914.2726082024)
170,G3,Disko Island,69.25,-53.5,100/T,www.gwu.edu/~calm/data/webforms/g3_f.html,,,,,,,,57,71,74,68,,,,,,,,,,,,,,,,,,,,,,POINT (1844614.5515372532 1364942.9665686982)
177,P2 A,"Kaffioyra Plain, Spitsbergen",78.683333,11.833333,P,www.gwu.edu/~calm/data/webforms/p2_f.html,,,,,,,,,,120,117,122,128,106,112,118,,,,,,,,,,,,,,,,,POINT (-257626.02186378135 1229612.1333856166)
178,P2 B,"Kaffioyra Plain, Spitsbergen",78.683333,11.833333,P,www.gwu.edu/~calm/data/webforms/p2_f.html,,,,,,,,,,165,156,158,168,140,108,132,,,,,,,,,,,,,,,,,POINT (-257626.02186378135 1229612.1333856166)
179,P2 C,"Kaffioyra Plain, Spitsbergen",78.683333,11.833333,P,www.gwu.edu/~calm/data/webforms/p2_f.html,,,,,,,,,,200,210,219,170,230,191,220,,,,,,,,,,,,,,,,,POINT (-257626.02186378135 1229612.1333856166)
181,S1,"Kapp Linne, Svalbard",78.05,13.616667,100/T/B7,www.gwu.edu/~calm/data/webforms/s1_f.html,74,89,91,113,99,97,101,97,109,99,104,95,96,,93,,,,89,89,89,91,,,,,95.27777778,-0.17642795,448.0356625,-0.135592432,0.591641467,0.322286765,POINT (-312260.8317908565 1289090.7244493084)
71,C3 A,North Head (thaw tube),69.719722,-134.461944,TT,www.gwu.edu/~calm/data/webforms/MT_f.html,,61,62,63,64,62,60,,70,66,59,62,60,59,,,,64,63,,,,,,,,62.5,-0.006729475,75.94885599,-0.012174823,0.967050513,0.159549596,POINT (1601085.4416664948 -1571293.237503426)
72,C3 B,North Head (grid),69.719722,-134.461944,100,www.gwu.edu/~calm/data/webforms/MT_f.html,,,,,,,,,52,52,43,43,44,45,50,40,52,48,50,44,,50,,42,,,46.78571429,-0.140807651,329.0648247,-0.15211996,0.603654556,0.264098227,POINT (1601085.4416664948 -1571293.237503426)
75,C5 A,Lousy Point (Thaw tube),69.218889,-134.291111,TT/T/B30,www.gwu.edu/~calm/data/webforms/MT_f.html,,81,78,80,86,85,75,,91,84,64,70,64,73,68,68,77,73,,67,74,72,83,78,83,,76.09090909,-0.271684259,620.1386374,-0.259978715,0.242622606,0.225639639,POINT (1644988.1716066306 -1604778.5530303896)
76,C5 B,Lousy Point  (grid),69.218889,-134.291111,100,www.gwu.edu/~calm/data/webforms/MT_f.html,,,,,,,,,64,62,52,53,54,53,55,49,61,55,59,55,,,63,51,,,56.14285714,-0.104730584,266.1052365,-0.101993637,0.728627699,0.294875761,POINT (1644988.1716066306 -1604778.5530303896)
73,C4 A,Taglu (Thaw tube),69.369167,-134.948611,TT/T/B30,www.gwu.edu/~calm/data/webforms/MT_f.html,,,111,,118,,112,118,,,,117,110,124,119,101,129,132,114,138,,171,,,,,122.4285714,1.66854566,-3218.834112,0.574314964,0.031718096,0.686573985,POINT (1614830.6596492946 -1611936.5479729038)
74,C4 B,Taglu (grid),69.369167,-134.948611,100,www.gwu.edu/~calm/data/webforms/MT_f.html,,,,,,,,,104,110,109,100,100,96,99,80,96,94,,86,94,94,91,85,,,95.86666667,-1.273,2648.656,-0.741018555,0.001573349,0.319936412,POINT (1614830.6596492946 -1611936.5479729038)
78,C7 A,Reindeer Depot  (Thaw tube),68.684722,-134.145833,TT,www.gwu.edu/~calm/data/webforms/MT_f.html,,,127,129,132,136,134,135,140,137,134,136,123,129,122,115,134,128,131,129,137,138,154,150,,,133.1818182,0.398644833,-665.1044608,0.304342464,0.168482899,0.278998684,POINT (1690956.1232756886 -1641275.446142718)
79,C7 B,Reindeer Depot  (grid),68.684722,-134.145833,100,www.gwu.edu/~calm/data/webforms/MT_f.html,,,,,,,,,,,113,117,108,101,,104,121,109,,,,,,,,,,,,,,,POINT (1690956.1232756886 -1641275.446142718)
80,C8 A,Rengleng River  (Thaw tube),67.795,-134.126111,TT,www.gwu.edu/~calm/data/webforms/MT_f.html,,,102,106,111,111,108,110,116,111,110,108,108,105,107,103,115,113,110,,,,,,95,,108.2777778,-0.213937804,536.3197827,-0.254350195,0.308429689,0.20336318,POINT (1761258.9339983254 -1708335.738231544)
81,C8 B,Rengleng River   (grid),67.795,-134.126111,100,www.gwu.edu/~calm/data/webforms/MT_f.html,,,,,,,,,82,78,80,77,75,72,,71,83,80,81,78,,84,85,,79,,78.92857143,0.283172562,-488.9335477,0.343137661,0.229712643,0.223763685,POINT (1761258.9339983254 -1708335.738231544)
77,C6,Parsons Lake,68.966667,-133.55,T,www.gwu.edu/~calm/data/webforms/c6_f.html,79,80,85,84,91,89,84,90,80,75,78,,,,,,,,,,,,,,,,83.18181818,-0.318181818,717.9545455,-0.20027813,0.554884225,0.518837083,POINT (1685596.9750977685 -1602369.7316282445)
82,C9 A,Mountain River  (Thaw tube),65.673611,-128.829167,TT,www.gwu.edu/~calm/data/webforms/MT_f.html,,,58,59,62,62,58,59,62,57,59,53,53,54,48,48,,,,,,,,,,,56.57142857,-0.914285714,1883.771429,-0.810591292,0.000437293,0.190677549,POINT (2091430.7712161667 -1683307.1459250874)
83,C10,Pump Station,65.283333,-126.883333,T/P,www.gwu.edu/~calm/data/webforms/c10_f.html,62,66,64,58,60,63,61,77,78,77,80,,,,,,,,,,,,,,,,67.81818182,1.954545455,-3831.5,0.775007545,0.00508246,0.531254558,POINT (2181300.638398832 -1636774.8314735612)
84,C11 A,Norman Wells   (Thaw tube),65.193056,-126.468889,TT,www.gwu.edu/~calm/data/webforms/MT_f.html,,,64,63,61,61,59,59,66,64,64,66,64,60,60,61,,,,,,,,,,,62.28571429,-0.026373626,114.9934066,-0.045375187,0.87758841,0.167615141,POINT (2200967.827748153 -1626781.7912821306)
85,C11 B,Norman Wells   (grid),65.193056,-126.468889,100,www.gwu.edu/~calm/data/webforms/MT_f.html,,,,,,,,,50,49,45,45,47,41,39,46,48,47,,,,,,,,,,,,,,,POINT (2200967.827748153 -1626781.7912821306)
86,C12,Great Bear River,64.916667,-125.583333,T/P,www.gwu.edu/~calm/data/webforms/c12_f.html,71,72,72,72,69,69,63,69,87,86,86,,,,,,,,,,,,,,,,74.18181818,1.490909091,-2900.181818,0.602469054,0.049807461,0.658378228,POINT (2250251.6474898714 -1610032.0592741196)
87,C13,Ochre River,63.466389,-123.692778,TT,www.gwu.edu/~calm/data/webforms/MT_f.html,,,,,60,58,63,,66,65,65,64,64,64,58,62,66,67,,,,,47,,,,62.07142857,-0.330603448,723.7978448,-0.322206343,0.261233828,0.280401956,POINT (2432927.987707739 -1622118.243626206)
88,C14 A,Willowlake River,62.696667,-123.065,TT,www.gwu.edu/~calm/data/webforms/MT_f.html,,,,79,83,84,90,87,89,91,82,86,88,86,80,82,89,88,,,90,,91,,,,86.17647059,0.272673314,-459.5230294,0.39306099,0.118574198,0.1647004,POINT (2520312.883005718 -1640778.339350907)
89,C14 B,Willowlake River,62.696667,-123.065,100,www.gwu.edu/~calm/data/webforms/MT_f.html,,,,,,,,,,,,74,78,72,73,78,88,87,,84,,87,,83,,,,,,,,,POINT (2520312.883005718 -1640778.339350907)
90,C15 A,Fort Simpson,61.887778,-121.601667,TT/T,www.gwu.edu/~calm/data/webforms/MT_f.html,,,,95,106,123,,,,,,,,,,,,,,,,,,,,,,,,,,,POINT (2635769.7696269783 -1621642.0940937083)
91,C15 B,Fort Simpson,61.887778,-121.601667,100,www.gwu.edu/~calm/data/webforms/MT_f.html,,,,,,,,,,76,85,84,82,76,77,91,93,99,98,88,,104,,96,,,88.38461538,1.687849162,-3296.142458,0.775693754,0.001831229,0.414048974,POINT (2635769.7696269783 -1621642.0940937083)
92,C16,Lake Hazen; Ellesmere Island,81.816667,-71.383333,T,www.gwu.edu/~calm/data/webforms/c16_f.html,,,,,47,51,47,46,52,43,,,,,,,,,,,,,,,,,,,,,,,POINT (861599.5919530181 290239.34579081315)
94,C18,Tanquary Fiord; Ellesmere Island,81.4,-76.7,100,www.gwu.edu/~calm/data/webforms/c18_f.html,,,,,,,,56,51,58,,,,,,,,,,,,,,,,,,,,,,,POINT (929754.1593934926 219784.56992973806)
93,C17,Sheldrake River,56.633333,-76.1,T,www.gwu.edu/~calm/data/webforms/c17_f.html,121,134,107,131,134,,154,157,,,,,,,,,,,,,,,,,,,,,,,,,POINT (3550876.7498379997 878753.1548910871)
95,C19,Eureka; Ellesmere Island,80.016667,-85.75,1000,www.gwu.edu/~calm/data/webforms/c19_f.html,,,,,,,,52,53,,49,,,,,,,,,,,,,,,,,,,,,,POINT (1105643.0097799075 82163.46847978937)
96,C20,Baker Lake,64.166667,-95.5,T/B3,www.gwu.edu/~calm/data/webforms/c20_f.html,,,,,,,,120,170,174,189,193,,,178,,,,,,,,,,,,,,,,,,POINT (2835151.5860272204 -272994.04771430395)
97,C21,Marmot Mountain,52.8,-118.116667,T,www.gwu.edu/~calm/data/webforms/c21_f.html,336,352,362,220,354,272,240,192,,342,96,152,84,,,,,,,,,,,,,,250.1666667,-19.68667917,39541.49719,-0.772629052,0.003219949,5.115379368,POINT (3584563.250807128 -1915318.7485504549)
98,C22,Dawson,63.94054,-138.59157,50/P/T,www.gwu.edu/~calm/data/webforms/c22_f.htm,,,,,,,,,,,,,,,,,,,,26,32,39,,,,,,,,,,,POINT (1900111.7960709736 -2154614.626922851)
99,C23,Teslin,60.44943,-133.52016,50/P/T,www.gwu.edu/~calm/data/webforms/c23_f.htm,,,,,,,,,,,,,,,,,,,,55,46,54,,,,,,,,,,,POINT (2356370.493034193 -2237688.3793887226)
100,C24,Beaver Creek,62.3377,-140.83835,50/P/T,www.gwu.edu/~calm/data/webforms/c24_f.htm,,,,,,,,,,,,,,,,,,,,,42,48,,,,,,,,,,,POINT (1923655.9686547809 -2361861.158769819)
102,R2,"Ayach-Yakha, Vorkuta",67.583333,64.183333,100/T,www.gwu.edu/~calm/data\webforms\r2_f.html,,,,,,,70,63,65,64,69,73,76,77,78,81,84,89,87,86,89,88,91,93,91,90,80.2,1.606015038,-3140.663158,0.948336161,2.06E-10,0.126641582,POINT (-2229551.6621676437 1078607.6264433882)
103,R23,Talnik,67.333333,63.733333,100,www.gwu.edu/~calm/data/webforms/r23_f.html,,,,,,,,,76,91,111,111,110,113,125,131,137,138,,144,138,144,161,156,,150,127.25,4.160356347,-8218.164811,0.933602868,1.28E-07,0.426739298,POINT (-2245459.189680039 1108150.0869377996)
104,R24,Bolvansky,68.3,54.5,100,www.gwu.edu/~calm/data/webforms/r24_f.html,,,,,,,,,,89,106,106,104,113,120,115,114,125,124,112,104,107,,117,102,110,110.5,0.446993282,-786.4758316,0.248114627,0.354156673,0.466431278,POINT (-1952683.1046049963 1392835.322314347)
105,R24 A,Kashin Island,68.233333,53.85,100,www.gwu.edu/~calm/data/webforms/r24a_f.htm,,,,,,,,,,,,,,,,,,,,,58,64,88,87,65,80,,,,,,,POINT (-1942635.0769319346 1419192.247021484)
106,R44,Umbozero; Kola Peninsula,67.772396,34.182046,100,www.gwu.edu/~calm/data/webforms/r44_f.html,,,,,,,,,,,,,,,,,,,,,,160,160,165,160,162,,,,,,,POINT (-1379910.790787573 2031846.3363513881)
108,R1,Nadym; West Siberia,65.333333,72.916667,100/T/B10,www.gwu.edu/~calm/data/webforms/r1_f.html,,,,,,,,119,134,129,126,132,143,126,134,141,129,129,136,101,114,129,134,136,164,163,132.5789474,0.910526316,-1693.936842,0.353267271,0.137903225,0.584815462,POINT (-2601589.982025676 799525.246383427)
110,R4,"Parisento, Gydan Peninsula",70.116667,75.583333,1000,www.gwu.edu/~calm/data/webforms/r4_f.html,,,82,91,,94,,,,,,,,,,,,,,,,,,,,,,,,,,,POINT (-2130575.7289541843 547699.5484972784)
111,R5,"Vaskiny Dachy, Yamal Peninsula",70.283333,68.9,100/T/B10,www.gwu.edu/~calm/data/webforms/r5_f.html,,,,84,85,95,89,81,93,87,92,92,92,,94,97,94,92,,76,87,87,102,103,93,102,91.28571429,0.414105142,-738.5218328,0.428635147,0.052532583,0.200245825,POINT (-2035322.8141204724 785365.7113956325)
112,R5 A,"Vaskiny Dachi, Yamal Peninsula",70.2755,68.891639,50,www.gwu.edu/~calm/data/webforms/r5abc_f.htm,,,,,,,,,,,,,,,,,,72,75,47,67,67,77,80,71,76,,,,,,,POINT (-2036008.730580865 785971.7500529389)
113,R5 B,"Vaskiny Dachi, Yamal Peninsula",70.2955,68.883472,50,www.gwu.edu/~calm/data/webforms/r5abc_f.htm,,,,,,,,,,,,,,,,,,72,73,81,65,65,77,78,70,77,,,,,,,POINT (-2033852.7407493033 785472.5901628236)
114,R5 C,"Vaskiny Dachi, Yamal Peninsula",70.301389,68.841306,50,www.gwu.edu/~calm/data/webforms/r5abc_f.htm,,,,,,,,,,,,,,,,,,112,113,82,106,114,128,126,111,129,,,,,,,POINT (-2032672.4553225953 786736.2853743525)
115,R50a,Urengoy Gas Field GP5,66.31537,76.90772,100/T/B10,www.gwu.edu/~calm/data/webforms/r50_f.html,,,,,,,,,,,,,,,,,,,84,65,77,72,87,70,76,85,,,,,,,POINT (-2546927.9432923216 592326.9544631569)
116,R50b,Urengoy Gas Field GP15,67.47791,76.69529,100/T/B10,www.gwu.edu/~calm/data/webforms/r50_f.html,,,,,,,,,,,,,,,,,,,84,65,80,82,95,92,84,93,,,,,,,POINT (-2421464.063424505 572620.032656265)
118,R6,"Labaz Lake, Taimyr",72.383333,99.5,100/T,www.gwu.edu/~calm/data\webforms\r6_f.html,,,,,42,50,,,,,,,,,,,,,,,,,,,,,,,,,,,POINT (-1924416.8502909811 -322036.93668794073)
119,R7,"Levinson Lessing Lake, Taimyr",74.533333,98.6,100/T,www.gwu.edu/~calm/data/webforms/r7_f.html,,,,,36,42,34,,,,,,,,,,,,,,,,,,,,,,,,,,POINT (-1695318.7921358156 -256392.86146518646)
124,R32,Talnah (Norilsk Region),69.433333,88.466667,100,www.gwu.edu/~calm/data/webforms/r32_f.html,,,,,,,,,,,,,,,,81,91,90,,94,94,96,104,86,95,102,,,,,,,POINT (-2273835.435443304 60866.2543763477)
120,R8,"Tiksi (Game), Lena Delta",71.583333,128.783333,1000/T,www.gwu.edu/~calm/data/webforms/r8_f.html,,,,,,,,40,40,42,47,,,,,,,,,,,,,,,,,,,,,,POINT (-1589468.6408986126 -1277204.5123642564)
121,R28,Svjatoy Nos cape (East Siberian sea),72.857,141.010167,100,www.gwu.edu/~calm/data/webforms/r28_f.html,,,,,,,,,,,,38,,,,,,,,,,,,,,,,,,,,,POINT (-1194887.5979269047 -1476098.7839192748)
131,R12 A,Kuropatochya River; Kolyma,70.916667,156.633333,100/T/B15,www.gwu.edu/~calm/data\webforms\r12_f.html,,,,,,,37,36,,,,,,,,,,,,,,,,,,,,,,,,,POINT (-837717.6362357059 -1938945.301219653)
132,R12 B,Kuropatochya River; Kolyma,70.916667,156.633333,100,www.gwu.edu/~calm/data/webforms/r12_f.html,,,,,,,27,36,,,,,,,,,,,,,,,,,,,,,,,,,POINT (-837717.6362357059 -1938945.301219653)
133,R13 A,"Cape Chukochii; edoma,Kolyma",70.083333,159.583333,100/T/B30,www.gwu.edu/~calm/data/webforms/r13_f.html,,,,,,,,37,,36,33,38,44,49,,50,42,55,50,36,52,45,43,47,,36,43.3125,0.398343804,-755.8149629,0.317873654,0.230222594,0.317547585,POINT (-768678.568712965 -2065075.4967010366)
135,R14,"Chukochya River, Kolyma",69.483333,156.983333,100/T/B25,www.gwu.edu/~calm/data/webforms/r14_f.html,,,,,,,42,,41,38,41,,,,,47,44,,39,46,49,47,46,42,,48,43.84615385,0.355431572,-669.2589432,0.620739648,0.023578524,0.135355381,POINT (-887246.5570988324 -2088532.5274381163)
136,R15 A,"Konkovaya River, Kolyma",69.383333,158.466667,100/T/B50,www.gwu.edu/~calm/data/webforms/r15_f.html,,,,,,,39,44,25,32,,36,,,,,30,60,,28,48,32,30,30,,31,35.76923077,-0.153193326,343.0279056,-0.104816945,0.733266431,0.438241087,POINT (-836900.8949213406 -2120977.3169163615)
137,R15 B,"Konkovaya River, Kolyma",69.383333,158.466667,100/T/B50,www.gwu.edu/~calm/data/webforms/r15_f.html,,,,,,,,,,36,,32,,,,,44,54,,39,45,54,46,43,,44,,,,,,,POINT (-836900.8949213406 -2120977.3169163615)
138,R16,"Segodnya Pingo, Kolyma",69.083333,158.9,100,www.gwu.edu/~calm/data/webforms/r16_f.html,,,,,,,38,,,30,,,,,,54,42,75,49,43,56,72,54,50,57,60,52.30769231,1.318717012,-2595.777507,0.586636278,0.035078073,0.548897458,POINT (-832648.2526580425 -2157858.3839124893)
139,R17,Akhmelo channel; Kolyma,68.816667,161,100/T,www.gwu.edu/~calm/data/webforms/r17_f.html,,,,,,,44,56,43,,45,47,,51,55,54,53,60,,47,56,61,53,55,64,55,52.88235294,0.637137823,-1225.178641,0.645338787,0.005147125,0.194730736,POINT (-762508.3957684808 -2214485.177309965)
140,R18,Mt. Rodinka; Kolyma,68.75,161.5,100/T,www.gwu.edu/~calm/data/webforms/r18_f.html,,,,,,,45,67,72,74,75,75,76,81,85,82,83,86,80,78,84,84,77,74,79,83,77,0.893233083,-1714.378947,0.585829015,0.006643952,0.291256539,POINT (-745466.5645300808 -2227964.711638658)
141,R18 A,Mt. Rodinka; Kolyma ( 10 m grid),68.75,161.5,10/T,www.gwu.edu/~calm/data/webforms/r18_f.html,,,,,,,,,,,,,,91,97,100,96,104,98,96,104,104,97,94,101,102,98.76923077,0.39010989,-684.9615385,0.368197042,0.215769643,0.29701301,POINT (-745466.5645300808 -2227964.711638658)
142,R19,"Lake Glukhoe, Kolyma",68.8,160.95,100,www.gwu.edu/~calm/data/webforms/r19_f.html,,,,,,,72,56,65,67,72,,,84,92,95,93,,,92,103,94,83,89,95,101,84.5625,1.782102729,-3489.890048,0.819808592,0.000101222,0.332687242,POINT (-765035.1932724138 -2215540.838009786)
143,R20,"Malchilovskaya Channel, Kolyma",68.516667,161.433333,100,www.gwu.edu/~calm/data/webforms/r20_f.html,,,,,,,54,,48,52,46,50,,48,56,53,54,57,,49,53,59,54,61,65,59,54,0.59057072,-1130.719603,0.690651451,0.002144628,0.159668202,POINT (-756176.4619593223 -2251264.565844567)
144,R21,"Lake Akhmelo, Kolyma",68.833333,161.033333,100/T/B15,www.gwu.edu/~calm/data/webforms/r21_f.html,,,,,,,85,,70,83,84,84,,96,103,113,101,117,,96,110,105,92,96,108,96,96.41176471,1.236662531,-2384.406017,0.590881803,0.012499904,0.435961675,POINT (-760627.8836899906 -2213205.6831131657)
145,R22,Alazeya River,69.316667,154.983333,100/B23,www.gwu.edu/~calm/data/webforms/r22_f.html,,,,,,,,,46,46,,,,,51,53,,57,,51,57,50,52,49,45,56,51.08333333,0.244775402,-440.4460725,0.328243006,0.297571778,0.222749716,POINT (-967305.5288861099 -2072818.942770734)
146,R25,Jakutskoe Lake,69.85,159.5,100,www.gwu.edu/~calm/data/webforms/r25_f.html,,,,,,,,,,23,37,38,,,,55,45,65,,42,65,60,41,41,,39,45.91666667,0.888043478,-1736.682609,0.367682077,0.23965768,0.710267745,POINT (-780629.0535922878 -2087887.2455216881)
147,R26,"Panteleikha, Kolyma",68.416667,161.216667,100,www.gwu.edu/~calm/data/webforms/r26_f.html,,,,,,,45,,,,,,,,,,,,,,,,,,,,,,,,,,POINT (-768201.6095649687 -2258730.943000323)
148,R31,Allaiha (Indigirka basin),70.55,147.433333,100,www.gwu.edu/~calm/data/webforms/r31_f.html,,,,,,,,,,,,,,,39,42,44,48,,49,52,52,50,47,47,46,46.90909091,0.60931436,-1177.591203,0.565948816,0.069548495,0.295870903,POINT (-1158579.3578663007 -1813944.2046347316)
149,R35,Omolon,68.733333,158.9,100,www.gwu.edu/~calm/data/webforms/r35_f.htm,,,,,,,,,,,,,,,,,,41,34,32,52,45,44,40,40,46,,,,,,,POINT (-846422.0244706669 -2193553.947902552)
150,R36,Andryushkino,69.166667,154.433333,100,www.gwu.edu/~calm/data/webforms/r36_f.html,,,,,,,,,,,,,,,,38,37,43,,41,31,35,34,44,38,38,,,,,,,POINT (-994238.6131976383 -2078237.9820666234)
153,R38 A,Mt. Rodinka (Control),68.7,161.55,10/T,www.gwu.edu/~calm/data/webforms/r38_f.html,,,,,,,,,,,,,,115,129,148,137,151,133,122,145,149,130,124,132,134,134.5384615,0.10989011,-86.23076923,0.038441924,0.900774705,0.861263438,POINT (-745251.3077577659 -2233797.7448396804)
154,R38 B,Mt. Rodinka (Burn),68.716667,161.533333,10/T,www.gwu.edu/~calm/data/webforms/r38_f.html,,,,,,,,,,,,,,148,155,167,156,,,,154,157,139,147,150,152,,,,,,,POINT (-745324.145343291 -2231853.2618036508)
155,R38 C,Mt. Rodinka (Station),68.733333,161.4,10/T,www.gwu.edu/~calm/data/webforms/r38_f.html,,,,,,,,,,,,,,72,77,80,81,84,79,78,82,79,72,66,75,75,76.92307692,-0.450549451,982.0769231,-0.358835514,0.228567631,0.353361213,POINT (-749934.9388948121 -2228386.5807558456)
125,R40,Igarka,67.482222,86.435556,100,www.gwu.edu/~calm/data/webforms/r40_f.htm,,,,,,,,,,,,,,,,,,,74,71,67,70,69,72,79,89,,,,,,,POINT (-2482965.9187729517 154668.0833465028)
126,R42,Tuymada (Yakutsk region),62.013306,129.656991,50/TT,www.gwu.edu/~calm/data/webforms/r42_f.htm,,,,,,,,,,,,,,,,,,,203,199,197,201,201,201,203,201,,,,,,,POINT (-2372098.072430437 -1966347.7208534372)
127,R43,Neleger (Yakutsk region),62.316255,129.499661,50/TT,www.gwu.edu/~calm/data/webforms/r43_f.htm,,,,,,,,,,,,,,,,,,,124,122,123,123,124,129,126,125,,,,,,,POINT (-2352258.311282371 -1939028.7400346517)
128,R46,Chara Belenky,56.76038,118.18903,100,www.gwu.edu/~calm/data/webforms/r46_f.htm,,,,,,,,,,,,,,,,,,,,,,,,59,49,,,,,,,,POINT (-3212205.8911318257 -1721577.929984549)
129,R47,Chara Most,56.906264,118.280672,100,www.gwu.edu/~calm/data/webforms/r47_f.htm,,,,,,,,,,,,,,,,,,,,,,,,55,42,,,,,,,,POINT (-3195757.083562327 -1719347.554304241)
151,R37 A,Khomus-1,69.983333,153.583333,100,www.gwu.edu/~calm/data/webforms/r37_f.html,,,,,,,,,,,,,,,,51,,,,,,,,,,,,,,,,,POINT (-985198.9409137283 -1983221.636105337)
152,R37 B,Khomus-2,69.983333,153.583333,100,www.gwu.edu/~calm/data/webforms/r37_f.html,,,,,,,,,,,,,,,,54,,,,,,,,,,,,,,,,,POINT (-985198.9409137283 -1983221.636105337)
158,R10,Upper Kargoplgyno River; Chukotka,64.083333,177.066667,100,www.gwu.edu/~calm/data/webforms/r10_f.html,,,59,51,56,,,,,,,,,,,,,,,,,,,,,,,,,,,,POINT (-146219.11805829793 -2853551.7592737107)
159,R11,"Mt. Dionisy, Chukotka",64.566667,177.2,100/T,www.gwu.edu/~calm/data/webforms/r11_f.html,,,,,,,50,47,45,53,46,47,52,55,64,62,,67,,60,53,57,54,57,60,58,54.83333333,0.606382979,-1161.166667,0.591085166,0.009785595,0.20687123,POINT (-137018.4592607927 -2801546.017746771)
162,R45,Kruglaya (Anadyr),64.633333,176.966667,100,www.gwu.edu/~calm/data/webforms/r45_f.htm,,,,,,,,,,,,,,,,,,,,,42,44,44,47,49,44,,,,,,,POINT (-148043.71733347123 -2793743.365012168)
161,R41,Lorino,65.539667,-171.630229,100,www.gwu.edu/~calm/data/webforms/r41_f.html,,,,,,,,,,,,,,,,,,,,,47,47,47,51,56,55,,,,,,,POINT (392906.6166094307 -2670507.0713721924)
164,R30 A,Ploskii Tolbachik (Kamchatka),55.45,160.17,100,www.gwu.edu/~calm/data\webforms\r30_f.html,,,,,,,,,,,,,,78,67,71,73,72,73,80,76,72,76,,,,,,,,,,POINT (-1283594.0959143876 -3559470.947543195)
165,R30 B,Ploskii Tolbachik (Kamchatka) 1,55.45,160.17,100,www.gwu.edu/~calm/data/webforms/r30_f.html,,,,,,,,,,,,,,,49,56,54,53,56,63,58,59,57,,,,,,,,,,POINT (-1283594.0959143876 -3559470.947543195)
166,R30 C,Ploskii Tolbachik (Kamchatka) 2,55.45,160.19,100,www.gwu.edu/~calm/data/webforms/r30_f.html,,,,,,,,,,,,,,,,,44,45,49,49,50,50,48,46,,47,,,,,,,POINT (-1282351.5279853207 -3559918.7895433847)
168,G1,Zackenberg; ZEROCALM 1,74.466667,-20.5,100/T,www.gwu.edu/~calm/data\webforms\g1_f.html,,,,,,,60,62,66,50,64,63,71,73,76,79,76,75,79,79,78,82,82,75,74,,71.78947368,1.221052632,-2376.421053,0.794259762,4.89E-05,0.226542474,POINT (603036.8949006555 1612895.4407321836)
169,G2,Zackenberg; ZEROCALM 2,74.466667,-20.5,150/T,www.gwu.edu/~calm/data/webforms/g2_f.html,,,,,,,61,57,60,44,60,60,60,63,65,69,68,67,68,73,70,75,72,70,67,,64.68421053,0.99122807,-1922.72807,0.776805697,9.16E-05,0.194893902,POINT (603036.8949006555 1612895.4407321836)
172,N1,"Janssonhaugen, Svalbard",78.166667,16.466667,T/B102,www.gwu.edu/~calm/data\webforms\n1_f.html,,,,,,,,,154,142,157,159,171,171,173,165,180,175,166,174,182,183,176,180,,,169.25,1.973529412,-3788.663235,0.821339883,9.58E-05,0.366324512,POINT (-372312.52007359447 1259596.482586875)
174,N3,UNISCALM,78.2,15.75,100/T,www.gwu.edu/~calm/data/webforms/n3_f.html,,,,,,,,,,,96,99,96,93,91,74,100,105,110,100,101,101,101,102,103,105,98.5625,0.786764706,-1480.867647,0.465334399,0.069316449,0.399967945,POINT (-355527.7846291151 1260606.4357436216)
173,N2,"Junvvasshoe, Norway",61.666667,8.366667,T/B129,www.gwu.edu/~calm/data/webforms/n2_f.html,,,,,,,,,,210,195,200,240,245,217,221,240,215,217,226,213,229,,,,,220.6153846,1.10989011,-2004.714286,0.285265211,0.34479262,1.124355542,POINT (-453767.7045988274 3085328.270358685)
176,P1,"Calypsos Tranda, Svalbard",77.566667,14.5,P,www.gwu.edu/~calm/data\webforms\p1_f.html,135,141,140,147,,144,134,,137,,134,131,135,,,178,195,197,185,188,,,,,,,154.7333333,3.016674127,-5877.20714,0.773172225,0.000723418,0.686284285,POINT (-345477.3000205263 1335861.599979627)
182,S2,"Abisko area, Sweden",68.333333,18.833333,100/T,www.gwu.edu/~calm/data/webforms/s2_f.html,61,57,56,56,54,52,58,65,70,63,72,74,81,76,76,68,73,90,88,72,72,90,,,,,69.27272727,1.466967815,-2865.396386,0.826981837,2.08E-06,0.223009097,POINT (-773110.6422849572 2266674.2073844904)
184,CH1,Murtel-Corvatsch,46.433333,9.833333,T/B31,www.gwu.edu/~calm/data/webforms/ch1_f.html,327,337,340,345,348,344,338,343,347,343,345,348,344,351,351,350,350,351,351,,,,,,,,344.8947368,0.871929825,-1398.092982,0.793763635,4.98E-05,0.162043309,POINT (-807550.5343923876 4659056.998293315)
185,CH2,Schilthorn,46.55,7.833333,T/B14,www.gwu.edu/~calm/data/webforms/ch2_f.html,,,,,,,,,430,443,488,,460,496,481,480,484,466,497,,,,,,,,,,,,,,POINT (-642817.6862265521 4672465.480628464)
187,M 1,Baganuur Depression,47.68889,108.2625,T/B15,www.gwu.edu/~calm/data\webforms\mg_f.html,,,,,,,345,350,355,345,350,340,355,,375,365,380,380,370,350,,,,,,,358.4615385,2.064996615,-3776.61476,0.646369613,0.016981774,0.734988475,POINT (-4366973.560319392 -1441068.317761425)
188,M1 A,Baganuur depression,47.69444,108.29444,T/B15,www.gwu.edu/~calm/data/webforms/mg_f.html,,,,,,,390,390,,430,485,400,450,600,770,710,820,820,,,,,,,,,569.5454545,45.04207574,-89596.5007,0.905983233,0.000122272,7.015185756,POINT (-4365623.092121458 -1443321.835092895)
189,M2 A,Nalaikh – northern slope,47.75444,107.25,T/T/B50,www.gwu.edu/~calm/data/webforms/mg_f.html,,,,,,,335,340,350,340,345,335,345,335,335,340,335,340,340,345,,,,,,,340,-0.065934066,472.032967,-0.057416925,0.845421226,0.330949898,POINT (-4385263.622611521 -1361660.5484311918)
190,M2 B,Nalaikh – pingo top,47.77639,107.3,T/B7,www.gwu.edu/~calm/data/webforms/mg_f.html,,,,,,,,,135,130,135,135,140,,135,140,,135,130,,,,,,,,,,,,,,POINT (-4381899.861457983 -1364809.824828505)
191,M2 C,Nalaikh south-western slope,47.77278,107.29167,T/B15,www.gwu.edu/~calm/data/webforms/mg_f.html,,,,,,,,,,,330,335,350,355,350,365,400,430,435,435,,,,,,,,,,,,,POINT (-4382455.782918539 -1364284.0492524654)
192,M2 D,Nalaikh thermokarst,47.77639,107.33833,T/B3,www.gwu.edu/~calm/data/webforms/mg_f.html,,,,,,,,,,,,,,120,,125,115,130,130,135,,,,,,,,,,,,,POINT (-4380985.844092881 -1367740.943180283)
193,M2 E,Nalaikh – south western slope,47.77083,107.2875,T/B10,www.gwu.edu/~calm/data/webforms/mg_f.html,,,,,,,,,,370,400,,,,430,420,460,470,520,480,,,,,,,,,,,,,POINT (-4382748.199770209 -1364025.1983060744)
194,M2 F,Nalaikh depression plain,47.75278,107.33667,T/B10,www.gwu.edu/~calm/data/webforms/mg_f.html,,,,,,,,,,,,,,,530,510,530,585,590,,,,,,,,,,,,,,POINT (-4383363.2126061395 -1368343.7823279223)
209,M9,Gurban turuu,47.03889,107.68611,TT/B3,www.gwu.edu/~calm/data/webforms/mg_f.html,,,,,,,,,,,,295,301,305,295,,,,,,,,,,,,,,,,,,POINT (-4445398.126850775 -1417520.159717121)
195,M3,Argalant – valley bottom,47.92361,106.54722,T/B9,www.gwu.edu/~calm/data/webforms/mg_f.html,,,,,,,,610,620,600,610,660,720,760,770,750,760,770,800,,,,,,,,702.5,19.68531469,-38717.34266,0.930326918,1.15E-05,2.453887904,POINT (-4384810.18266396 -1302771.7030833727)
196,M4 A,Burenkhan – northern slope,49.78833,100.03417,TT/B5,www.gwu.edu/~calm/data/webforms/mg_f.html,,,,,,,370,340,,,380,390,420,440,430,410,390,430,430,390,,,,,,,401.6666667,4.516695958,-8646.02812,0.623076535,0.030434278,1.792980425,POINT (-4313129.9884185735 -763173.7023465356)
197,M4 B,Burenkhan – valley bottom,49.70417,100.1675,TT/B6,www.gwu.edu/~calm/data/webforms/mg_f.html,,,,,,,,,,,325,340,345,348,352,342,350,,,,,,,,,,,,,,,,POINT (-4319991.068636804 -774759.5675554511)
198,M4 C,Burenkhan north eastern slope,49.78472,100.03167,T/B40,www.gwu.edu/~calm/data/webforms/mg_f.html,,,,,,,,,,,,,,,,,950,1200,1350,1250,,,,,,,,,,,,,POINT (-4313534.4699920425 -763051.1674897227)
199,M4 D,Burenkhan north-facing steep slope,49.78278,100.04667,T/B20,www.gwu.edu/~calm/data/webforms/mg_f.html,,,,,,,,,,,,,,,,,,410,400,,,,,,,,,,,,,,POINT (-4313534.018717327 -764215.7602443582)
222,M12 F,Dalbay,50.04444,100.73278,TT,www.gwu.edu/~calm/data/webforms/mg_f.html,,,,,,,,,,,,,230,,225,,,,,210,,,,,,,,,,,,,POINT (-4277218.65169147 -810723.5740410209)
223,M12 G,Dalbay pingo,50.04417,100.75444,TT,www.gwu.edu/~calm/data/webforms/mg_f.html,,,,,,,,,,,,,,82,,,96,,137,134,,,,,,,,,,,,,POINT (-4276939.581900377 -812345.7337173327)
200,M5,Ardag Mountain,50.62639,100.16583,T/B15,www.gwu.edu/~calm/data/webforms/mg_f.html,,,,,,,,,,300,335,430,360,,,,,,,,,,,,,,,,,,,,POINT (-4225115.143048664 -757617.1376834214)
201,M5 A,Ardag watershed,50.65917,100.16333,T/B75,www.gwu.edu/~calm/data/webforms/mg_f.html,,,,,,,,,,310,,,,,400,,,400,410,,,,,,,,,,,,,,POINT (-4221769.961648681 -756827.1730324036)
202,M5 B,Ardag watershed 2,50.65639,100.1625,T/B75,www.gwu.edu/~calm/data/webforms/mg_f.html,,,,,,,,,,300,280,,295,,270,,,315,325,,,,,,,,,,,,,,POINT (-4222067.439617144 -756817.3739948131)
203,M5 C,Ardag watershed 3,50.67667,100.16639,T/B150,www.gwu.edu/~calm/data/webforms/mg_f.html,,,,,,,,,,,,,,,,,480,250,440,,,,,,,,,,,,,,POINT (-4219925.900020803 -756729.2112168613)
204,M5D,Ardag watershed 5,50.67667,100.16639,T/B200,www.gwu.edu/~calm/data,,,,,,,,,,,,,,,,,185,,305,,,,,,,,,,,,,,POINT (-4219925.900020803 -756729.2112168613)
213,M11,Hatgal – lake terrace,50.43861,100.15028,T/B6,www.gwu.edu/~calm/data/webforms/mg_f.html,,,,,,,,,,,,,485,475,470,475,480,485,470,475,,,,,,,,,,,,,POINT (-4244666.915103659 -759934.0407739192)
214,M11 A,Hatgal house falt terrace,50.43861,100.15222,T/B6,www.gwu.edu/~calm/data/webforms/mg_f.html,,,,,,,,,,,,,450,,490,470,435,440,435,485,,,,,,,,,,,,,POINT (-4244641.181769345 -760077.7621601152)
215,M11 B,Hatgal house,50.43333,100.16056,T/B10,www.gwu.edu/~calm/data/webforms/mg_f.html,,,,,,,,,,,,370,375,382,390,382,400,406,400,410,,,,,,,,,,,,,POINT (-4245074.2973311655 -760793.0642959875)
216,M12,Dalbay,51.02,100.75833,T/B10,www.gwu.edu/~calm/data/webforms/mg_f.html,,,,,,,,,,,,,,134,133,138,140,145,139,135,,,,,,,,,,,,,POINT (-4176545.191788502 -793570.9957187786)
217,M12 A,Borsog Flood plain,50.97028,100.72722,T/B6,www.gwu.edu/~calm/data/webforms/mg_f.html,,,,,,,,,,,,,,185,,,182,186,192,186,,,,,,,,,,,,,POINT (-4182095.8086946025 -792273.1510739265)
218,M12 B,Borsog W slope,50.97444,100.72861,T/B6,www.gwu.edu/~calm/data/webforms/mg_f.html,,,,,,,,,,,,,,,240,255,220,275,250,295,,,,,,,,,,,,,POINT (-4181648.2071151333 -792293.4440484197)
219,M12 C,Shagnuul,50.25444,100.84472,T/B10,www.gwu.edu/~calm/data/webforms/mg_f.html,,,,,,,,,,,,,,425,425,385,360,,360,355,,,,,,,,,,,,,POINT (-4254065.544074636 -814948.0881306565)
220,M12 D,Turag,51.28583,100.82722,T/B10,www.gwu.edu/~calm/data/webforms/mg_f.html,,,,,,,,,,,,,,475,470,475,470,475,488,472,,,,,,,,,,,,,POINT (-4148207.66046821 -793355.5558051688)
221,M12 E,Noyon,51.20972,100.77028,T/B10,www.gwu.edu/~calm/data/webforms/mg_f.html,,,,,,,,,,,,,,,,380,355,376,381,372,,,,,,,,,,,,,POINT (-4156837.106703763 -790724.6443129833)
224,M12 H,Dalbay gully,51.03111,100.7225,TT,www.gwu.edu/~calm/data/webforms/mg_f.html,,,,,,,,,,,,,,130,,,,145,143,133,,,,,,,,,,,,,POINT (-4175896.3624521056 -790742.3538961143)
205,M6 A,Terkh – valley bottom,48.08194,99.37333,T/B15,www.gwu.edu/~calm/data/webforms/mg_f.html,,,,,,,,,,205,210,207,210,205,215,230,235,235,230,220,,,,,,,218.3636364,2.854545455,-5502.145455,0.782315397,0.004430902,0.7576,POINT (-4496959.374805557 -742316.3525787984)
206,M7 A,Chuluut – pingo top,48.04111,100.39167,T/B15,www.gwu.edu/~calm/data/webforms/mg_f.html,,,,,,,,,,136,140,137,142,,,140,160,175,180,180,,,,,,,,,,,,,POINT (-4487226.206551264 -822885.7839724469)
207,M7 B,Chuluut – valley bottom,48.63611,100.37556,T/B15,www.gwu.edu/~calm/data/webforms/mg_f.html,,,,,,,,,,,,,285,260,290,275,270,285,290,280,,,,,,,,,,,,,POINT (-4426632.235220886 -810487.3768918894)
229,M14,Terelj open slope,47.98028,100.42528,T/B10,www.gwu.edu/~calm/data/webforms/mg_f.html,,,,,,,,,,,,,,440,425,440,368,374,421,432,,,,,,,,,,,,,POINT (-4492953.425969739 -826660.581953565)
230,M14 A,Terelj forested slope,47.97944,100.42556,T/B6,www.gwu.edu/~calm/data/webforms/mg_f.html,,,,,,,,,,,,,,300,325,285,235,245,257,240,,,,,,,,,,,,,POINT (-4493035.14056776 -826698.3170954882)
208,M8,Sharga – valley bottom,49.49027,98.65639,T/B10,www.gwu.edu/~calm/data/webforms/mg_f.html,,,,,,,,,,,,,285,280,275,275,285,280,290,280,,,,,,,,,,,,,POINT (-4360986.920054004 -663928.1310539251)
233,M16A,Khurimt tal,49.29694,98.19,TT,www.gwu.edu/~calm/data,,,,,,,,,,,,,,,,,,,,275,,,,,,,,,,,,,POINT (-4386202.822617262 -631280.068376495)
210,M10,Tsengel Mountain,48.66944,89.11139,T/B1.3,www.gwu.edu/~calm/data/webforms/mg_f.html,,,,,,,,,,,,,109,105,,,,,,,,,,,,,,,,,,,POINT (-4496209.799984778 69738.07489773814)
211,M10 A,Tsengel N slope,48.7525,89.13556,T/B3,www.gwu.edu/~calm/data/webforms/mg_f.html,,,,,,,,,,,,,,275,280,285,,,,,,,,,,,,,,,,,POINT (-4487597.02783074 67710.96887553591)
212,M10 B,Tsengel valley bottom,48.77833,89.14056,T/B6,www.gwu.edu/~calm/data/webforms/mg_f.html,,,,,,,,,,,,,,,,550,,,,,,,,,,,,,,,,,POINT (-4484915.011054109 67279.03009187081)
225,M13,Darhad Tsagaan nuur,51.35556,99.35917,T/B15,www.gwu.edu/~calm/data/webforms/mg_f.html,,,,,,,,,,,,,,,,146,150,,1.45,,,,,,,,,,,,,,POINT (-4159952.74774295 -685630.3681552497)
226,M13 A,Darhad Khuurch,51.18722,99.4975,T/B100,www.gwu.edu/~calm/data/webforms/mg_f.html,,,,,,,,,,,,,,,150,148,158,160,,,,,,,,,,,,,,,POINT (-4175702.8588284953 -698585.7108738814)
227,M13 B,Darhad Rinchin,51.11472,99.63694,T/B6,www.gwu.edu/~calm/data/webforms/mg_f.html,,,,,,,,,,,,,,,,330,,345,340,,,,,,,,,,,,,,POINT (-4181485.831651072 -710018.7224653098)
228,M13 C,Darhad Sharga,51.35861,99.47972,T/B6,www.gwu.edu/~calm/data/webforms/mg_f.html,,,,,,,,,,,,,,,,175,180,,,,,,,,,,,,,,,,POINT (-4158185.306465515 -694328.6509033515)
231,M15,Borhujir,48.27528,106.19472,T/B10,www.gwu.edu/~calm/data/webforms/mg_f.html,,,,,,,,,,,,,,,,,,235,220,220,,,,,,,,,,,,,POINT (-4357672.488909141 -1265585.4330395323)
232,M16,Mongot pingo top,49.34722,99.24222,T/B33,www.gwu.edu/~calm/data,,,,,,,,,,,,,,,,,,,,115,,,,,,,,,,,,,POINT (-4368696.325235131 -710878.4456658035)
235,CN1,Yutulihe; Northeast China,50.933333,121.333333,T,www.gwu.edu/~calm/data\webforms\cn_f.html,,96,100,109,112,,,,,,,,,,,,,,,,,,,,,,,,,,,,POINT (-3639007.207391964 -2215451.7844613744)
236,CN2,Fenghuo Shan,34.333333,97.866667,T/B35,www.gwu.edu/~calm/data/webforms/cn_f.html,,,,,,,,,135,137,139,142,143,145,149,154,177,196,182,187,,,,,,,157.1666667,5.552447552,-10967.162,0.912759253,3.43E-05,0.78581093,POINT (-5893265.30640229 -814263.8761463413)
237,CN3,Ecology Station,34.733333,92.883333,T,www.gwu.edu/~calm/data/webforms/cn_f.html,,,,,,,,,260,263,263,,,,,,279,274,273,,,,,,,,,,,,,,POINT (-5902402.02981417 -297281.43367901765)
238,CN4,Wuli,35.433333,93.6,T,www.gwu.edu/~calm/data/webforms/cn_f.html,,,,,,,,,,,,,,,,,337,319,292,317,,,,,,,,,,,,,POINT (-5829290.484857714 -366747.8711796893)
239,CN5,Lower Two Rivers,34.466667,92.733333,T/B40,www.gwu.edu/~calm/data/(EmptyReference!),,,,,,,,,,,87,89,89,107,,,122,110,100,119,,,,,,,,,,,,,POINT (-5929383.804558405 -283079.95005488873)
241,CN7,Kunlun Basin,35.616667,94.066667,T,www.gwu.edu/~calm/data/webforms/cn_f.html,,,,,,,,,,,,,,136,136,139,142,138,137,,,,,,,,,,,,,,POINT (-5808030.323729178 -412928.628714414)
240,CN6,Upper Two Rivers,31.816667,91.733333,T/B18,www.gwu.edu/~calm/data/webforms/cn_f.html,,,,,,,,,,,,,,,,,,,,,,,,,,,,,,,,,POINT (-6192428.330845216 -187392.7910991649)
242,CN8,Glacier Station,43.216667,87.116667,T,www.gwu.edu/~calm/data/webforms/cn_f.html,,,,,,,,,,,,,,,,,,,,,,,,,,,,,,,,,POINT (-5052350.903667799 254467.60700221694)
243,CN9,Da Xi Gou (Glacier Station),43.116667,86.85,T,www.gwu.edu/~calm/data/webforms/cn_f.html,,,,,,,,,,,,,,,,,,,,,,,,,,,,,,,,,POINT (-5061300.098125596 278540.1980782853)
244,CN10,Deep Borehole,43.116667,86.85,T,www.gwu.edu/~calm/data\webforms\cn_f.html,,,,,,,,,,,,,,,,,,,,,,,,,,,,,,,,,POINT (-5061300.098125596 278540.1980782853)
245,CN11,Shallow Borehole,43.1,86.816667,T,www.gwu.edu/~calm/data/webforms/cn_f.html,,,,,,,,,,,,,,,,,,,,,,,,,,,,,,,,,POINT (-5062834.843062365 281579.08425191033)
247,K0,Northern Tien Shan; Cosmostation,43.083333,76.916667,T/B25,www.gwu.edu/~calm/data\webforms\k_f.html,480,510,510,470,490,480,470,480,480,490,490,500,490,492,496,500,495,505,513,638,688,569,,,,,510.7272727,5.016374929,-9524.530774,0.604807665,0.002865161,1.476976061,POINT (-4940690.213222994 1148219.6841167053)
248,K1,Northern Tien Shan; Cosmostation,43.083333,76.916667,T/B14,www.gwu.edu/~calm/data/webforms/k_f.html,450,490,460,420,500,510,490,500,500,520,510,465,470,475,,,,495,500,495,486,457,,,,,483.8421053,0.630097087,-776.2194175,0.169897159,0.486823478,0.886414168,POINT (-4940690.213222994 1148219.6841167053)
249,K2,Northern Tien Shan; Cosmostation,43.083333,76.916667,T/B14,www.gwu.edu/~calm/data/webforms/k_f.html,,,,,,,,,410,420,460,470,480,470,480,470,485,455,450,347,381,300,,,,,434.1428571,-6.826373626,14117.60879,-0.507263546,0.064101032,3.347863353,POINT (-4940690.213222994 1148219.6841167053)
